INSERT INTO users (first_name, last_name, email, phone_number, registration_date, status, password_hash, salt)
VALUES ('Иван', 'Иванов', 'ivan.ivanov@example.com', '+79876543210', '2025-01-15 10:00:00', 'ACTIVE', 'hash01',
        'salt01'),
       ('Мария', 'Петрова', 'maria.petrova@example.com', '+79901234567', '2025-02-20 14:30:00', 'ACTIVE', 'hash02',
        'salt02'),
       ('Алексей', 'Сидоров', 'alex.sidorov@example.com', '+79211234567', '2023-12-05 09:10:00', 'SUSPENDED', 'hash03',
        'salt03'),
       ('Елена', 'Кузнецова', 'elena.kuznecova@example.com', '+79161237890', '2024-03-01 11:45:00', 'ACTIVE', 'hash04',
        'salt04'),
       ('Дмитрий', 'Васильев', 'dmitry.vasiliev@example.com', '+79051234567', '2024-01-25 16:20:00', 'ACTIVE', 'hash05',
        'salt05'),
       ('Ольга', 'Новикова', 'olga.novikova@example.com', '+79651234567', '2024-02-10 08:50:00', 'PENDING', 'hash06',
        'salt06'),
       ('Сергей', 'Морозов', 'sergey.morozov@example.com', '+79551234567', '2023-11-30 13:15:00', 'ACTIVE', 'hash07',
        'salt07'),
       ('Наталья', 'Лебедева', 'natalia.lebedeva@example.com', '+79451234567', '2024-01-05 17:00:00', 'ACTIVE',
        'hash08', 'salt08'),
       ('Павел', 'Павлов', 'pavel.pavlov@example.com', '+79351234567', '2024-03-10 12:00:00', 'ACTIVE', 'hash09',
        'salt09'),
       ('Екатерина', 'Соколова', 'ekaterina.sokolova@example.com', '+79251234567', '2025-02-28 15:30:00', 'ACTIVE',
        'hash10', 'salt10'),
       ('Игорь', 'Орлов', 'igor.orlov@example.com', '+79151234567', '2024-01-18 09:40:00', 'ACTIVE', 'hash11',
        'salt11'),
       ('Анастасия', 'Львова', 'anastasia.lvova@example.com', '+79011234567', '2023-12-22 10:10:00', 'ACTIVE', 'hash12',
        'salt12'),
       ('Максим', 'Михайлов', 'maxim.mikhailov@example.com', '+79811234567', '2024-03-15 11:55:00', 'ACTIVE', 'hash13',
        'salt13'),
       ('Юлия', 'Федорова', 'yulia.fedorova@example.com', '+79711234567', '2024-02-14 14:00:00', 'ACTIVE', 'hash14',
        'salt14'),
       ('Владимир', 'Громов', 'vladimir.gromov@example.com', '+79611234567', '2023-12-10 08:30:00', 'ACTIVE', 'hash15',
        'salt15');

INSERT INTO verifications (user_id, passport_number, full_name, date_of_birth, issue_date, expiry_date,
                           issuing_authority, verification_status, verification_date)
VALUES (1, '1234 567890', 'Иван Иванов', '1985-05-20', '2010-04-10', NULL, 'ОВД Москвы', 'APPROVED',
        '2024-01-20 09:00:00'),
       (2, '2345 678901', 'Мария Петрова', '1990-07-15', '2012-06-12', NULL, 'ОВД СПб', 'APPROVED',
        '2024-02-25 10:15:00'),
       (3, '3456 789012', 'Алексей Сидоров', '1978-11-05', '2005-03-20', NULL, 'ОВД Новосибирска', 'PENDING',
        '2024-01-10 08:30:00'),
       (4, '4567 890123', 'Елена Кузнецова', '1988-02-28', '2008-07-14', NULL, 'ОВД Екатеринбурга', 'APPROVED',
        '2024-03-02 11:00:00'),
       (5, '5678 901234', 'Дмитрий Васильев', '1982-09-10', '2007-09-01', NULL, 'ОВД Казани', 'REJECTED',
        '2024-01-30 14:45:00'),
       (6, '6789 012345', 'Ольга Новикова', '1995-12-22', '2015-11-10', NULL, 'ОВД Омска', 'APPROVED',
        '2024-02-15 09:20:00'),
       (7, '7890 123456', 'Сергей Морозов', '1980-04-18', '2000-05-05', NULL, 'ОВД Челябинска', 'APPROVED',
        '2023-12-01 13:50:00'),
       (8, '8901 234567', 'Наталья Лебедева', '1992-10-30', '2013-10-20', NULL, 'ОВД Ростова', 'PENDING',
        '2024-01-08 12:10:00'),
       (9, '9012 345678', 'Павел Павлов', '1987-06-25', '2009-06-15', NULL, 'ОВД Уфы', 'REJECTED',
        '2024-03-12 15:35:00'),
       (10, '0123 456789', 'Екатерина Соколова', '1993-01-05', '2014-01-01', NULL, 'ОВД Москвы', 'APPROVED',
        '2024-03-01 10:00:00');

INSERT INTO wallets (user_id, wallet_name, currency, balance, created_at, status)
VALUES (1, 'Основной кошелек', 'RUB', 10000.00, '2024-01-16 10:00:00', 'ACTIVE'),
       (2, 'Инвестиционный', 'USD', 5000.00, '2024-02-21 14:30:00', 'ACTIVE'),
       (3, 'Резервный', 'EUR', 2500.00, '2023-12-06 09:10:00', 'ACTIVE'),
       (4, 'Основной', 'RUB', 8000.00, '2024-03-02 11:45:00', 'ACTIVE'),
       (5, 'Пенсионный', 'USD', 15000.00, '2024-01-26 16:20:00', 'ACTIVE'),
       (6, 'Сбережения', 'EUR', 1200.00, '2024-02-11 08:50:00', 'PENDING'),
       (7, 'Биржевой', 'USD', 2000.00, '2023-12-01 13:15:00', 'ACTIVE'),
       (8, 'Краткосрочный', 'RUB', 3000.00, '2024-01-06 17:00:00', 'ACTIVE'),
       (9, 'Долгосрочный', 'USD', 7000.00, '2024-03-11 12:00:00', 'ACTIVE'),
       (10, 'Фондовый', 'RUB', 4000.00, '2024-02-28 15:30:00', 'ACTIVE'),
       (11, 'ETF портфель', 'USD', 3500.00, '2024-01-18 09:40:00', 'ACTIVE'),
       (12, 'Депозитный', 'EUR', 2700.00, '2023-12-22 10:10:00', 'ACTIVE'),
       (13, 'Криптокошелек', 'USD', 900.00, '2024-03-15 11:55:00', 'ACTIVE'),
       (14, 'Трейдинг', 'USD', 6000.00, '2024-02-14 14:00:00', 'ACTIVE'),
       (15, 'Основной', 'RUB', 11000.00, '2023-12-10 08:30:00', 'ACTIVE');

INSERT INTO transaction_types (transaction_type_name, description)
VALUES ('DEPOSIT', 'Пополнение счета'),
       ('WITHDRAWAL', 'Снятие средств'),
       ('BUY', 'Покупка актива'),
       ('SELL', 'Продажа актива'),
       ('TRANSFER_IN', 'Входящий перевод'),
       ('TRANSFER_OUT', 'Исходящий перевод');

INSERT INTO instruments (instrument_name, instrument_type, market, currency, issued_date, maturity_date)
VALUES ('Сбербанк', 'STOCK', 'MOEX', 'RUB', '2010-01-01', NULL),
       ('Газпром', 'STOCK', 'MOEX', 'RUB', '2011-05-10', NULL),
       ('Apple Inc.', 'STOCK', 'NASDAQ', 'USD', '2015-02-20', NULL),
       ('Tesla Inc.', 'STOCK', 'NASDAQ', 'USD', '2016-03-15', NULL),
       ('ОФЗ 26207', 'BOND', 'MOEX', 'RUB', '2019-06-10', '2029-06-10'),
       ('ОФЗ 26215', 'BOND', 'MOEX', 'RUB', '2020-01-01', '2030-01-01'),
       ('ETF FXUS', 'ETF', 'MOEX', 'USD', '2018-09-01', NULL),
       ('ETF FXIT', 'ETF', 'MOEX', 'USD', '2019-04-01', NULL),
       ('Bitcoin', 'CRYPTO', 'BINANCE', 'USD', '2013-01-01', NULL),
       ('Ethereum', 'CRYPTO', 'BINANCE', 'USD', '2015-07-30', NULL),
       ('Tinkoff акции', 'FUND', 'MOEX', 'RUB', '2021-01-01', NULL),
       ('USD/RUB', 'FOREX', 'FOREX', 'USD', '2005-01-01', NULL),
       ('EUR/RUB', 'FOREX', 'FOREX', 'EUR', '2005-01-01', NULL),
       ('Eurobond RUS', 'BOND', 'LSE', 'USD', '2020-10-01', '2028-10-01'),
       ('S&P 500 ETF', 'ETF', 'NYSE', 'USD', '2017-01-01', NULL);

INSERT INTO user_instruments (user_id, instrument_id, quantity, purchased_price, purchased_at)
VALUES (1, 1, 10.0000, 250.00, '2024-01-20 10:00:00'),
       (1, 2, 5.0000, 300.00, '2024-01-21 10:00:00'),
       (2, 3, 3.0000, 180.00, '2025-02-25 11:00:00'),
       (2, 4, 1.0000, 700.00, '2025-02-26 12:00:00'),
       (3, 5, 20.0000, 90.00, '2023-12-07 09:00:00'),
       (3, 6, 15.0000, 95.00, '2023-12-08 09:15:00'),
       (4, 7, 8.0000, 100.00, '2024-03-03 12:00:00'),
       (4, 8, 6.0000, 110.00, '2024-03-04 13:00:00'),
       (5, 9, 0.5000, 30000.00, '2024-01-27 14:30:00'),
       (5, 10, 1.2000, 2000.00, '2024-01-28 15:00:00'),
       (6, 11, 12.0000, 105.00, '2024-02-12 09:00:00'),
       (6, 12, 100.0000, 75.00, '2024-02-13 09:30:00'),
       (7, 13, 80.0000, 85.00, '2023-12-02 10:00:00'),
       (1, 14, 10.0000, 102.00, '2023-12-03 10:20:00'),
       (8, 15, 5.0000, 150.00, '2024-01-07 11:00:00'),
       (9, 1, 7.0000, 260.00, '2025-03-12 12:00:00'),
       (10, 2, 4.0000, 310.00, '2024-02-29 10:00:00'),
       (11, 3, 2.0000, 190.00, '2024-01-19 10:00:00'),
       (12, 4, 0.5000, 720.00, '2023-12-23 09:30:00'),
       (13, 5, 30.0000, 88.00, '2024-03-16 11:00:00'),
       (14, 6, 10.0000, 92.00, '2024-02-15 12:00:00'),
       (15, 7, 9.0000, 99.00, '2023-12-11 08:00:00'),
       (1, 8, 5.0000, 115.00, '2024-01-22 10:00:00'),
       (2, 9, 0.2000, 29000.00, '2024-02-27 13:00:00'),
       (3, 10, 0.8000, 1900.00, '2023-12-09 10:00:00'),
       (4, 11, 20.0000, 108.00, '2024-03-05 10:00:00'),
       (5, 12, 50.0000, 74.00, '2024-01-29 14:00:00'),
       (6, 13, 70.0000, 88.00, '2024-02-14 10:00:00'),
       (7, 14, 8.0000, 99.00, '2023-12-04 11:00:00'),
       (1, 9, 8.0000, 99.00, '2024-06-04 13:00:00');

INSERT INTO wallet_instruments (wallet_id, instrument_id, quantity, purchased_price, purchased_at)
VALUES (1, 1, 5.0000, 248.00, '2024-01-20 10:30:00'),
       (1, 2, 2.0000, 298.00, '2024-01-21 10:30:00'),
       (2, 3, 3.0000, 182.00, '2024-02-25 11:30:00'),
       (2, 4, 1.0000, 710.00, '2024-02-26 12:30:00'),
       (3, 5, 10.0000, 91.00, '2023-12-07 09:30:00'),
       (3, 6, 5.0000, 93.00, '2023-12-08 09:45:00'),
       (4, 7, 6.0000, 101.00, '2024-03-03 12:30:00'),
       (4, 8, 4.0000, 112.00, '2024-03-04 13:30:00'),
       (5, 9, 0.2000, 30500.00, '2024-01-27 14:45:00'),
       (5, 10, 0.5000, 2100.00, '2024-01-28 15:30:00'),
       (6, 11, 6.0000, 106.00, '2024-02-12 09:15:00'),
       (6, 12, 40.0000, 76.00, '2024-02-13 09:45:00'),
       (7, 13, 50.0000, 87.00, '2023-12-02 10:30:00'),
       (1, 14, 5.0000, 103.00, '2023-12-03 10:45:00'),
       (8, 15, 3.0000, 152.00, '2024-01-07 11:15:00'),
       (9, 1, 4.0000, 262.00, '2024-03-12 12:30:00'),
       (10, 2, 1.0000, 315.00, '2024-02-29 10:30:00'),
       (11, 3, 1.0000, 192.00, '2024-01-19 10:30:00'),
       (12, 4, 0.3000, 725.00, '2023-12-23 10:00:00'),
       (13, 5, 15.0000, 89.00, '2024-03-16 11:30:00'),
       (14, 6, 6.0000, 93.00, '2024-02-15 12:30:00'),
       (15, 7, 4.0000, 98.00, '2023-12-11 08:30:00'),
       (1, 8, 2.0000, 116.00, '2024-01-22 10:30:00'),
       (2, 9, 0.1000, 29500.00, '2024-02-27 13:30:00'),
       (3, 10, 0.4000, 1950.00, '2023-12-09 10:30:00'),
       (4, 11, 10.0000, 109.00, '2024-03-05 10:30:00'),
       (5, 12, 30.0000, 75.00, '2024-01-29 14:30:00'),
       (6, 13, 40.0000, 89.00, '2024-02-14 10:30:00'),
       (6, 5, 40.0000, 89.00, '2024-03-14 10:30:00'),
       (7, 14, 3.0000, 100.00, '2023-12-04 11:30:00');


INSERT INTO transactions (wallet_id, transaction_type_id, instrument_id, quantity, amount, transaction_date,
                          description, status)
VALUES (1, 1, 1, 1.0000, 250.00, '2024-01-20 10:00:00', 'Purchase AAPL', 'COMPLETED'),
       (1, 2, 2, 1.0000, 300.00, '2024-01-21 10:05:00', 'Purchase GOOGL', 'COMPLETED'),
       (2, 1, 3, 1.0000, 180.00, '2024-02-25 11:00:00', 'Buy MSFT', 'COMPLETED'),
       (2, 2, 4, 1.0000, 700.00, '2024-02-26 12:00:00', 'Buy AMZN', 'COMPLETED'),
       (3, 1, 5, 2.0000, 180.00, '2023-12-07 09:00:00', 'Buy TSLA', 'COMPLETED'),
       (3, 1, 6, 3.0000, 285.00, '2023-12-08 09:00:00', 'Buy NFLX', 'COMPLETED'),
       (4, 1, 7, 1.0000, 100.00, '2024-03-03 12:00:00', 'Buy FB', 'COMPLETED'),
       (4, 2, 8, 1.0000, 110.00, '2024-03-04 13:00:00', 'Buy NVDA', 'COMPLETED'),
       (5, 1, 9, 0.1000, 3000.00, '2024-01-27 14:00:00', 'Buy BTC', 'COMPLETED'),
       (5, 2, 10, 0.5000, 1000.00, '2024-01-28 15:00:00', 'Buy ETH', 'COMPLETED'),
       (6, 1, 11, 5.0000, 525.00, '2024-02-12 09:00:00', 'Buy BND', 'COMPLETED'),
       (6, 2, 12, 20.0000, 1500.00, '2024-02-13 09:30:00', 'Buy VOO', 'COMPLETED'),
       (7, 1, 13, 30.0000, 2550.00, '2023-12-02 10:00:00', 'Buy XOM', 'COMPLETED'),
       (7, 1, 14, 2.0000, 204.00, '2023-12-03 10:20:00', 'Buy JNJ', 'COMPLETED'),
       (8, 1, 15, 1.0000, 150.00, '2024-01-07 11:00:00', 'Buy PG', 'COMPLETED'),
       (9, 1, 1, 1.0000, 260.00, '2024-03-12 12:00:00', 'Buy AAPL again', 'COMPLETED'),
       (10, 2, 2, 1.0000, 310.00, '2024-02-29 10:00:00', 'Buy GOOGL', 'COMPLETED'),
       (11, 1, 3, 1.0000, 190.00, '2024-01-19 10:00:00', 'Buy MSFT', 'COMPLETED'),
       (12, 2, 4, 0.5000, 360.00, '2023-12-23 09:30:00', 'Buy AMZN', 'COMPLETED'),
       (13, 1, 5, 5.0000, 440.00, '2024-03-16 11:00:00', 'Buy TSLA', 'COMPLETED'),
       (14, 2, 6, 2.0000, 190.00, '2024-02-15 12:00:00', 'Buy NFLX', 'COMPLETED'),
       (15, 1, 7, 1.0000, 99.00, '2023-12-11 08:00:00', 'Buy FB', 'COMPLETED'),
       (1, 2, 8, 1.0000, 115.00, '2024-01-22 10:00:00', 'Buy NVDA', 'COMPLETED'),
       (2, 1, 9, 0.0500, 1450.00, '2024-02-27 13:00:00', 'Buy BTC', 'COMPLETED'),
       (3, 2, 10, 0.4000, 800.00, '2023-12-09 10:00:00', 'Buy ETH', 'COMPLETED'),
       (4, 1, 11, 2.0000, 216.00, '2024-03-05 10:00:00', 'Buy BND', 'COMPLETED'),
       (5, 1, 12, 10.0000, 740.00, '2024-01-29 14:00:00', 'Buy VOO', 'COMPLETED'),
       (6, 2, 13, 20.0000, 1760.00, '2024-02-14 10:00:00', 'Buy XOM', 'COMPLETED'),
       (7, 1, 14, 1.0000, 99.00, '2023-12-04 11:00:00', 'Buy JNJ', 'COMPLETED'),
       (8, 2, 15, 1.0000, 160.00, '2024-01-08 10:00:00', 'Buy PG', 'COMPLETED');

INSERT INTO instrument_prices (instrument_id, price, valid_from, valid_to, is_current)
VALUES (1, 248.00, '2024-01-01 00:00:00', '2024-03-01 00:00:00', FALSE),
       (1, 260.00, '2024-03-01 00:00:01', NULL, TRUE),
       (2, 298.00, '2024-01-01 00:00:00', '2024-03-01 00:00:00', FALSE),
       (2, 310.00, '2024-03-01 00:00:01', NULL, TRUE),
       (3, 182.00, '2024-01-01 00:00:00', '2024-02-15 00:00:00', FALSE),
       (3, 190.00, '2024-02-15 00:00:01', NULL, TRUE),
       (4, 700.00, '2023-12-01 00:00:00', '2024-02-20 00:00:00', FALSE),
       (4, 725.00, '2024-02-20 00:00:01', NULL, TRUE),
       (5, 88.00, '2024-01-01 00:00:00', '2024-03-01 00:00:00', FALSE),
       (5, 89.00, '2024-03-01 00:00:01', NULL, TRUE),
       (6, 92.00, '2023-12-01 00:00:00', '2024-01-15 00:00:00', FALSE),
       (6, 93.00, '2024-01-15 00:00:01', NULL, TRUE),
       (7, 99.00, '2024-01-01 00:00:00', NULL, TRUE),
       (8, 112.00, '2024-01-01 00:00:00', NULL, TRUE),
       (9, 30000.00, '2024-01-01 00:00:00', '2024-02-01 00:00:00', FALSE),
       (9, 30500.00, '2024-02-01 00:00:01', NULL, TRUE),
       (10, 2000.00, '2023-12-01 00:00:00', '2024-01-15 00:00:00', FALSE),
       (10, 2100.00, '2024-01-15 00:00:01', NULL, TRUE),
       (11, 105.00, '2024-01-01 00:00:00', NULL, TRUE),
       (12, 75.00, '2024-01-01 00:00:00', NULL, TRUE),
       (13, 85.00, '2023-12-01 00:00:00', '2024-02-15 00:00:00', FALSE),
       (13, 89.00, '2024-02-15 00:00:01', NULL, TRUE),
       (14, 102.00, '2023-12-01 00:00:00', NULL, TRUE),
       (15, 150.00, '2024-01-01 00:00:00', '2024-03-01 00:00:00', FALSE),
       (15, 160.00, '2024-03-01 00:00:01', NULL, TRUE);